sample,fastq_1,fastq_2,strandedness
ERR1074192,/data/upfagb/u267872/paquete_cluster/seqs/trimmed/ERR1074192_trim.fastq.gz,,forward
ERR1074194,/data/upfagb/u267872/paquete_cluster/seqs/trimmed/ERR1074194_trim.fastq.gz,,forward
ERR1074354,/data/upfagb/u267872/paquete_cluster/seqs/trimmed/ERR1074354_trim.fastq.gz,,forward
ERR1074391,/data/upfagb/u267872/paquete_cluster/seqs/trimmed/ERR1074391_trim.fastq.gz,,forward
ERR1074452,/data/upfagb/u267872/paquete_cluster/seqs/trimmed/ERR1074452_trim.fastq.gz,,forward
ERR1074528,/data/upfagb/u267872/paquete_cluster/seqs/trimmed/ERR1074528_trim.fastq.gz,,forward
ERR1077522,/data/upfagb/u267872/paquete_cluster/seqs/trimmed/ERR1077522_trim.fastq.gz,,forward
ERR1080200,/data/upfagb/u267872/paquete_cluster/seqs/trimmed/ERR1080200_trim.fastq.gz,,forward
ERR1249707,/data/upfagb/u267872/paquete_cluster/seqs/trimmed/ERR1249707_trim.fastq.gz,,forward
ERR1249727,/data/upfagb/u267872/paquete_cluster/seqs/trimmed/ERR1249727_trim.fastq.gz,,forward
ERR1249764,/data/upfagb/u267872/paquete_cluster/seqs/trimmed/ERR1249764_trim.fastq.gz,,forward
ERR1249788,/data/upfagb/u267872/paquete_cluster/seqs/trimmed/ERR1249788_trim.fastq.gz,,forward
ERR1249848,/data/upfagb/u267872/paquete_cluster/seqs/trimmed/ERR1249848_trim.fastq.gz,,forward
ERR1249860,/data/upfagb/u267872/paquete_cluster/seqs/trimmed/ERR1249860_trim.fastq.gz,,forward
ERR1249877,/data/upfagb/u267872/paquete_cluster/seqs/trimmed/ERR1249877_trim.fastq.gz,,forward
ERR1249882,/data/upfagb/u267872/paquete_cluster/seqs/trimmed/ERR1249882_trim.fastq.gz,,forward
ERR1249937,/data/upfagb/u267872/paquete_cluster/seqs/trimmed/ERR1249937_trim.fastq.gz,,forward
ERR1249980,/data/upfagb/u267872/paquete_cluster/seqs/trimmed/ERR1249980_trim.fastq.gz,,forward
ERR1250001,/data/upfagb/u267872/paquete_cluster/seqs/trimmed/ERR1250001_trim.fastq.gz,,forward
ERR1250003,/data/upfagb/u267872/paquete_cluster/seqs/trimmed/ERR1250003_trim.fastq.gz,,forward
ERR1250047,/data/upfagb/u267872/paquete_cluster/seqs/trimmed/ERR1250047_trim.fastq.gz,,forward
ERR1250050,/data/upfagb/u267872/paquete_cluster/seqs/trimmed/ERR1250050_trim.fastq.gz,,forward
ERR1250068,/data/upfagb/u267872/paquete_cluster/seqs/trimmed/ERR1250068_trim.fastq.gz,,forward
ERR1250101,/data/upfagb/u267872/paquete_cluster/seqs/trimmed/ERR1250101_trim.fastq.gz,,forward
ERR1250106,/data/upfagb/u267872/paquete_cluster/seqs/trimmed/ERR1250106_trim.fastq.gz,,forward
ERR1250522,/data/upfagb/u267872/paquete_cluster/seqs/trimmed/ERR1250522_trim.fastq.gz,,forward
ERR1250533,/data/upfagb/u267872/paquete_cluster/seqs/trimmed/ERR1250533_trim.fastq.gz,,forward
ERR1250577,/data/upfagb/u267872/paquete_cluster/seqs/trimmed/ERR1250577_trim.fastq.gz,,forward
ERR1250578,/data/upfagb/u267872/paquete_cluster/seqs/trimmed/ERR1250578_trim.fastq.gz,,forward
ERR1250623,/data/upfagb/u267872/paquete_cluster/seqs/trimmed/ERR1250623_trim.fastq.gz,,forward
ERR1250624,/data/upfagb/u267872/paquete_cluster/seqs/trimmed/ERR1250624_trim.fastq.gz,,forward
ERR1315807,/data/upfagb/u267872/paquete_cluster/seqs/trimmed/ERR1315807_trim.fastq.gz,,forward
ERR1315860,/data/upfagb/u267872/paquete_cluster/seqs/trimmed/ERR1315860_trim.fastq.gz,,forward
ERR1315862,/data/upfagb/u267872/paquete_cluster/seqs/trimmed/ERR1315862_trim.fastq.gz,,forward
ERR1315873,/data/upfagb/u267872/paquete_cluster/seqs/trimmed/ERR1315873_trim.fastq.gz,,forward
ERR1315894,/data/upfagb/u267872/paquete_cluster/seqs/trimmed/ERR1315894_trim.fastq.gz,,forward
ERR1315923,/data/upfagb/u267872/paquete_cluster/seqs/trimmed/ERR1315923_trim.fastq.gz,,forward
ERR1315932,/data/upfagb/u267872/paquete_cluster/seqs/trimmed/ERR1315932_trim.fastq.gz,,forward
ERR1315944,/data/upfagb/u267872/paquete_cluster/seqs/trimmed/ERR1315944_trim.fastq.gz,,forward
ERR1315964,/data/upfagb/u267872/paquete_cluster/seqs/trimmed/ERR1315964_trim.fastq.gz,,forward
ERR1315970,/data/upfagb/u267872/paquete_cluster/seqs/trimmed/ERR1315970_trim.fastq.gz,,forward
ERR1315992,/data/upfagb/u267872/paquete_cluster/seqs/trimmed/ERR1315992_trim.fastq.gz,,forward
ERR1316014,/data/upfagb/u267872/paquete_cluster/seqs/trimmed/ERR1316014_trim.fastq.gz,,forward
ERR1316021,/data/upfagb/u267872/paquete_cluster/seqs/trimmed/ERR1316021_trim.fastq.gz,,forward
ERR1316031,/data/upfagb/u267872/paquete_cluster/seqs/trimmed/ERR1316031_trim.fastq.gz,,forward
ERR1316197,/data/upfagb/u267872/paquete_cluster/seqs/trimmed/ERR1316197_trim.fastq.gz,,forward
ERR1458698,/data/upfagb/u267872/paquete_cluster/seqs/trimmed/ERR1458698_trim.fastq.gz,,forward
ERR1458701,/data/upfagb/u267872/paquete_cluster/seqs/trimmed/ERR1458701_trim.fastq.gz,,forward
ERR1458702,/data/upfagb/u267872/paquete_cluster/seqs/trimmed/ERR1458702_trim.fastq.gz,,forward
ERR1458706,/data/upfagb/u267872/paquete_cluster/seqs/trimmed/ERR1458706_trim.fastq.gz,,forward
ERR1458707,/data/upfagb/u267872/paquete_cluster/seqs/trimmed/ERR1458707_trim.fastq.gz,,forward
ERR1458708,/data/upfagb/u267872/paquete_cluster/seqs/trimmed/ERR1458708_trim.fastq.gz,,forward
ERR1458709,/data/upfagb/u267872/paquete_cluster/seqs/trimmed/ERR1458709_trim.fastq.gz,,forward
ERR1458710,/data/upfagb/u267872/paquete_cluster/seqs/trimmed/ERR1458710_trim.fastq.gz,,forward
ERR1458711,/data/upfagb/u267872/paquete_cluster/seqs/trimmed/ERR1458711_trim.fastq.gz,,forward
ERR1458713,/data/upfagb/u267872/paquete_cluster/seqs/trimmed/ERR1458713_trim.fastq.gz,,forward
ERR1458714,/data/upfagb/u267872/paquete_cluster/seqs/trimmed/ERR1458714_trim.fastq.gz,,forward
ERR1458715,/data/upfagb/u267872/paquete_cluster/seqs/trimmed/ERR1458715_trim.fastq.gz,,forward
ERR1458717,/data/upfagb/u267872/paquete_cluster/seqs/trimmed/ERR1458717_trim.fastq.gz,,forward
ERR1458718,/data/upfagb/u267872/paquete_cluster/seqs/trimmed/ERR1458718_trim.fastq.gz,,forward
ERR1458719,/data/upfagb/u267872/paquete_cluster/seqs/trimmed/ERR1458719_trim.fastq.gz,,forward
ERR1458720,/data/upfagb/u267872/paquete_cluster/seqs/trimmed/ERR1458720_trim.fastq.gz,,forward
ERR1458721,/data/upfagb/u267872/paquete_cluster/seqs/trimmed/ERR1458721_trim.fastq.gz,,forward
ERR1458722,/data/upfagb/u267872/paquete_cluster/seqs/trimmed/ERR1458722_trim.fastq.gz,,forward
ERR1458723,/data/upfagb/u267872/paquete_cluster/seqs/trimmed/ERR1458723_trim.fastq.gz,,forward
ERR1458724,/data/upfagb/u267872/paquete_cluster/seqs/trimmed/ERR1458724_trim.fastq.gz,,forward
ERR1458725,/data/upfagb/u267872/paquete_cluster/seqs/trimmed/ERR1458725_trim.fastq.gz,,forward
ERR1458726,/data/upfagb/u267872/paquete_cluster/seqs/trimmed/ERR1458726_trim.fastq.gz,,forward
ERR1458727,/data/upfagb/u267872/paquete_cluster/seqs/trimmed/ERR1458727_trim.fastq.gz,,forward
ERR1458728,/data/upfagb/u267872/paquete_cluster/seqs/trimmed/ERR1458728_trim.fastq.gz,,forward
ERR1458729,/data/upfagb/u267872/paquete_cluster/seqs/trimmed/ERR1458729_trim.fastq.gz,,forward
ERR1458731,/data/upfagb/u267872/paquete_cluster/seqs/trimmed/ERR1458731_trim.fastq.gz,,forward
ERR1458732,/data/upfagb/u267872/paquete_cluster/seqs/trimmed/ERR1458732_trim.fastq.gz,,forward
ERR1458733,/data/upfagb/u267872/paquete_cluster/seqs/trimmed/ERR1458733_trim.fastq.gz,,forward
ERR1458734,/data/upfagb/u267872/paquete_cluster/seqs/trimmed/ERR1458734_trim.fastq.gz,,forward
ERR1458735,/data/upfagb/u267872/paquete_cluster/seqs/trimmed/ERR1458735_trim.fastq.gz,,forward
ERR1458736,/data/upfagb/u267872/paquete_cluster/seqs/trimmed/ERR1458736_trim.fastq.gz,,forward
ERR1458737,/data/upfagb/u267872/paquete_cluster/seqs/trimmed/ERR1458737_trim.fastq.gz,,forward
ERR1458738,/data/upfagb/u267872/paquete_cluster/seqs/trimmed/ERR1458738_trim.fastq.gz,,forward
ERR1458739,/data/upfagb/u267872/paquete_cluster/seqs/trimmed/ERR1458739_trim.fastq.gz,,forward
ERR1458740,/data/upfagb/u267872/paquete_cluster/seqs/trimmed/ERR1458740_trim.fastq.gz,,forward
ERR1458741,/data/upfagb/u267872/paquete_cluster/seqs/trimmed/ERR1458741_trim.fastq.gz,,forward
ERR1458742,/data/upfagb/u267872/paquete_cluster/seqs/trimmed/ERR1458742_trim.fastq.gz,,forward
ERR1458743,/data/upfagb/u267872/paquete_cluster/seqs/trimmed/ERR1458743_trim.fastq.gz,,forward
ERR1458744,/data/upfagb/u267872/paquete_cluster/seqs/trimmed/ERR1458744_trim.fastq.gz,,forward
ERR1458746,/data/upfagb/u267872/paquete_cluster/seqs/trimmed/ERR1458746_trim.fastq.gz,,forward
ERR1458747,/data/upfagb/u267872/paquete_cluster/seqs/trimmed/ERR1458747_trim.fastq.gz,,forward
ERR1458748,/data/upfagb/u267872/paquete_cluster/seqs/trimmed/ERR1458748_trim.fastq.gz,,forward
ERR1458749,/data/upfagb/u267872/paquete_cluster/seqs/trimmed/ERR1458749_trim.fastq.gz,,forward
ERR1458750,/data/upfagb/u267872/paquete_cluster/seqs/trimmed/ERR1458750_trim.fastq.gz,,forward
ERR1458751,/data/upfagb/u267872/paquete_cluster/seqs/trimmed/ERR1458751_trim.fastq.gz,,forward
ERR1458752,/data/upfagb/u267872/paquete_cluster/seqs/trimmed/ERR1458752_trim.fastq.gz,,forward
ERR1458753,/data/upfagb/u267872/paquete_cluster/seqs/trimmed/ERR1458753_trim.fastq.gz,,forward
ERR1458755,/data/upfagb/u267872/paquete_cluster/seqs/trimmed/ERR1458755_trim.fastq.gz,,forward
ERR1458756,/data/upfagb/u267872/paquete_cluster/seqs/trimmed/ERR1458756_trim.fastq.gz,,forward
ERR1458757,/data/upfagb/u267872/paquete_cluster/seqs/trimmed/ERR1458757_trim.fastq.gz,,forward
ERR1458758,/data/upfagb/u267872/paquete_cluster/seqs/trimmed/ERR1458758_trim.fastq.gz,,forward
ERR1458759,/data/upfagb/u267872/paquete_cluster/seqs/trimmed/ERR1458759_trim.fastq.gz,,forward
ERR1458760,/data/upfagb/u267872/paquete_cluster/seqs/trimmed/ERR1458760_trim.fastq.gz,,forward
ERR1458761,/data/upfagb/u267872/paquete_cluster/seqs/trimmed/ERR1458761_trim.fastq.gz,,forward
ERR1458762,/data/upfagb/u267872/paquete_cluster/seqs/trimmed/ERR1458762_trim.fastq.gz,,forward
ERR1458765,/data/upfagb/u267872/paquete_cluster/seqs/trimmed/ERR1458765_trim.fastq.gz,,forward
ERR1458770,/data/upfagb/u267872/paquete_cluster/seqs/trimmed/ERR1458770_trim.fastq.gz,,forward
ERR1458771,/data/upfagb/u267872/paquete_cluster/seqs/trimmed/ERR1458771_trim.fastq.gz,,forward
ERR1458772,/data/upfagb/u267872/paquete_cluster/seqs/trimmed/ERR1458772_trim.fastq.gz,,forward
ERR1458773,/data/upfagb/u267872/paquete_cluster/seqs/trimmed/ERR1458773_trim.fastq.gz,,forward
ERR1458774,/data/upfagb/u267872/paquete_cluster/seqs/trimmed/ERR1458774_trim.fastq.gz,,forward
ERR1458777,/data/upfagb/u267872/paquete_cluster/seqs/trimmed/ERR1458777_trim.fastq.gz,,forward
ERR1458781,/data/upfagb/u267872/paquete_cluster/seqs/trimmed/ERR1458781_trim.fastq.gz,,forward
ERR1458782,/data/upfagb/u267872/paquete_cluster/seqs/trimmed/ERR1458782_trim.fastq.gz,,forward
ERR1458783,/data/upfagb/u267872/paquete_cluster/seqs/trimmed/ERR1458783_trim.fastq.gz,,forward
ERR1458784,/data/upfagb/u267872/paquete_cluster/seqs/trimmed/ERR1458784_trim.fastq.gz,,forward
ERR1458785,/data/upfagb/u267872/paquete_cluster/seqs/trimmed/ERR1458785_trim.fastq.gz,,forward
ERR1458786,/data/upfagb/u267872/paquete_cluster/seqs/trimmed/ERR1458786_trim.fastq.gz,,forward
ERR1458787,/data/upfagb/u267872/paquete_cluster/seqs/trimmed/ERR1458787_trim.fastq.gz,,forward
ERR1458789,/data/upfagb/u267872/paquete_cluster/seqs/trimmed/ERR1458789_trim.fastq.gz,,forward
ERR1458792,/data/upfagb/u267872/paquete_cluster/seqs/trimmed/ERR1458792_trim.fastq.gz,,forward
ERR1458793,/data/upfagb/u267872/paquete_cluster/seqs/trimmed/ERR1458793_trim.fastq.gz,,forward
ERR1458794,/data/upfagb/u267872/paquete_cluster/seqs/trimmed/ERR1458794_trim.fastq.gz,,forward
ERR1458795,/data/upfagb/u267872/paquete_cluster/seqs/trimmed/ERR1458795_trim.fastq.gz,,forward
ERR1458797,/data/upfagb/u267872/paquete_cluster/seqs/trimmed/ERR1458797_trim.fastq.gz,,forward
ERR1458798,/data/upfagb/u267872/paquete_cluster/seqs/trimmed/ERR1458798_trim.fastq.gz,,forward
ERR1458799,/data/upfagb/u267872/paquete_cluster/seqs/trimmed/ERR1458799_trim.fastq.gz,,forward
ERR1458800,/data/upfagb/u267872/paquete_cluster/seqs/trimmed/ERR1458800_trim.fastq.gz,,forward
ERR1458801,/data/upfagb/u267872/paquete_cluster/seqs/trimmed/ERR1458801_trim.fastq.gz,,forward
ERR1458805,/data/upfagb/u267872/paquete_cluster/seqs/trimmed/ERR1458805_trim.fastq.gz,,forward
ERR1458806,/data/upfagb/u267872/paquete_cluster/seqs/trimmed/ERR1458806_trim.fastq.gz,,forward
ERR1458808,/data/upfagb/u267872/paquete_cluster/seqs/trimmed/ERR1458808_trim.fastq.gz,,forward
ERR1458809,/data/upfagb/u267872/paquete_cluster/seqs/trimmed/ERR1458809_trim.fastq.gz,,forward
ERR1458810,/data/upfagb/u267872/paquete_cluster/seqs/trimmed/ERR1458810_trim.fastq.gz,,forward
ERR1458811,/data/upfagb/u267872/paquete_cluster/seqs/trimmed/ERR1458811_trim.fastq.gz,,forward
ERR1458812,/data/upfagb/u267872/paquete_cluster/seqs/trimmed/ERR1458812_trim.fastq.gz,,forward
ERR1458813,/data/upfagb/u267872/paquete_cluster/seqs/trimmed/ERR1458813_trim.fastq.gz,,forward
ERR1458814,/data/upfagb/u267872/paquete_cluster/seqs/trimmed/ERR1458814_trim.fastq.gz,,forward
ERR1458815,/data/upfagb/u267872/paquete_cluster/seqs/trimmed/ERR1458815_trim.fastq.gz,,forward
ERR1458816,/data/upfagb/u267872/paquete_cluster/seqs/trimmed/ERR1458816_trim.fastq.gz,,forward
ERR1458817,/data/upfagb/u267872/paquete_cluster/seqs/trimmed/ERR1458817_trim.fastq.gz,,forward
ERR1458818,/data/upfagb/u267872/paquete_cluster/seqs/trimmed/ERR1458818_trim.fastq.gz,,forward
ERR1458819,/data/upfagb/u267872/paquete_cluster/seqs/trimmed/ERR1458819_trim.fastq.gz,,forward
ERR1458820,/data/upfagb/u267872/paquete_cluster/seqs/trimmed/ERR1458820_trim.fastq.gz,,forward
ERR1458821,/data/upfagb/u267872/paquete_cluster/seqs/trimmed/ERR1458821_trim.fastq.gz,,forward
ERR1458822,/data/upfagb/u267872/paquete_cluster/seqs/trimmed/ERR1458822_trim.fastq.gz,,forward
ERR1458823,/data/upfagb/u267872/paquete_cluster/seqs/trimmed/ERR1458823_trim.fastq.gz,,forward
ERR1458824,/data/upfagb/u267872/paquete_cluster/seqs/trimmed/ERR1458824_trim.fastq.gz,,forward
ERR1458825,/data/upfagb/u267872/paquete_cluster/seqs/trimmed/ERR1458825_trim.fastq.gz,,forward
ERR1458826,/data/upfagb/u267872/paquete_cluster/seqs/trimmed/ERR1458826_trim.fastq.gz,,forward
ERR1458827,/data/upfagb/u267872/paquete_cluster/seqs/trimmed/ERR1458827_trim.fastq.gz,,forward
ERR1458828,/data/upfagb/u267872/paquete_cluster/seqs/trimmed/ERR1458828_trim.fastq.gz,,forward
ERR1458829,/data/upfagb/u267872/paquete_cluster/seqs/trimmed/ERR1458829_trim.fastq.gz,,forward
ERR1458830,/data/upfagb/u267872/paquete_cluster/seqs/trimmed/ERR1458830_trim.fastq.gz,,forward
ERR1458831,/data/upfagb/u267872/paquete_cluster/seqs/trimmed/ERR1458831_trim.fastq.gz,,forward
ERR1458832,/data/upfagb/u267872/paquete_cluster/seqs/trimmed/ERR1458832_trim.fastq.gz,,forward
ERR1458833,/data/upfagb/u267872/paquete_cluster/seqs/trimmed/ERR1458833_trim.fastq.gz,,forward
ERR1458834,/data/upfagb/u267872/paquete_cluster/seqs/trimmed/ERR1458834_trim.fastq.gz,,forward
ERR1458835,/data/upfagb/u267872/paquete_cluster/seqs/trimmed/ERR1458835_trim.fastq.gz,,forward
ERR1458836,/data/upfagb/u267872/paquete_cluster/seqs/trimmed/ERR1458836_trim.fastq.gz,,forward
ERR1458837,/data/upfagb/u267872/paquete_cluster/seqs/trimmed/ERR1458837_trim.fastq.gz,,forward
ERR1458838,/data/upfagb/u267872/paquete_cluster/seqs/trimmed/ERR1458838_trim.fastq.gz,,forward
ERR1458839,/data/upfagb/u267872/paquete_cluster/seqs/trimmed/ERR1458839_trim.fastq.gz,,forward
ERR1458840,/data/upfagb/u267872/paquete_cluster/seqs/trimmed/ERR1458840_trim.fastq.gz,,forward
ERR1458841,/data/upfagb/u267872/paquete_cluster/seqs/trimmed/ERR1458841_trim.fastq.gz,,forward
ERR1458842,/data/upfagb/u267872/paquete_cluster/seqs/trimmed/ERR1458842_trim.fastq.gz,,forward
ERR1458843,/data/upfagb/u267872/paquete_cluster/seqs/trimmed/ERR1458843_trim.fastq.gz,,forward
ERR1458844,/data/upfagb/u267872/paquete_cluster/seqs/trimmed/ERR1458844_trim.fastq.gz,,forward
ERR1458845,/data/upfagb/u267872/paquete_cluster/seqs/trimmed/ERR1458845_trim.fastq.gz,,forward
ERR1458846,/data/upfagb/u267872/paquete_cluster/seqs/trimmed/ERR1458846_trim.fastq.gz,,forward
ERR1458847,/data/upfagb/u267872/paquete_cluster/seqs/trimmed/ERR1458847_trim.fastq.gz,,forward
ERR1458848,/data/upfagb/u267872/paquete_cluster/seqs/trimmed/ERR1458848_trim.fastq.gz,,forward
ERR1458849,/data/upfagb/u267872/paquete_cluster/seqs/trimmed/ERR1458849_trim.fastq.gz,,forward
ERR1458850,/data/upfagb/u267872/paquete_cluster/seqs/trimmed/ERR1458850_trim.fastq.gz,,forward
ERR1458851,/data/upfagb/u267872/paquete_cluster/seqs/trimmed/ERR1458851_trim.fastq.gz,,forward
ERR1458852,/data/upfagb/u267872/paquete_cluster/seqs/trimmed/ERR1458852_trim.fastq.gz,,forward
ERR1458853,/data/upfagb/u267872/paquete_cluster/seqs/trimmed/ERR1458853_trim.fastq.gz,,forward
ERR1458854,/data/upfagb/u267872/paquete_cluster/seqs/trimmed/ERR1458854_trim.fastq.gz,,forward
ERR1458855,/data/upfagb/u267872/paquete_cluster/seqs/trimmed/ERR1458855_trim.fastq.gz,,forward
ERR1458856,/data/upfagb/u267872/paquete_cluster/seqs/trimmed/ERR1458856_trim.fastq.gz,,forward
ERR1458857,/data/upfagb/u267872/paquete_cluster/seqs/trimmed/ERR1458857_trim.fastq.gz,,forward
ERR1458858,/data/upfagb/u267872/paquete_cluster/seqs/trimmed/ERR1458858_trim.fastq.gz,,forward
ERR1458859,/data/upfagb/u267872/paquete_cluster/seqs/trimmed/ERR1458859_trim.fastq.gz,,forward
ERR1458860,/data/upfagb/u267872/paquete_cluster/seqs/trimmed/ERR1458860_trim.fastq.gz,,forward
ERR1458861,/data/upfagb/u267872/paquete_cluster/seqs/trimmed/ERR1458861_trim.fastq.gz,,forward
ERR1458862,/data/upfagb/u267872/paquete_cluster/seqs/trimmed/ERR1458862_trim.fastq.gz,,forward
ERR1458863,/data/upfagb/u267872/paquete_cluster/seqs/trimmed/ERR1458863_trim.fastq.gz,,forward
ERR1458864,/data/upfagb/u267872/paquete_cluster/seqs/trimmed/ERR1458864_trim.fastq.gz,,forward
ERR1458865,/data/upfagb/u267872/paquete_cluster/seqs/trimmed/ERR1458865_trim.fastq.gz,,forward
ERR1458866,/data/upfagb/u267872/paquete_cluster/seqs/trimmed/ERR1458866_trim.fastq.gz,,forward
ERR1458867,/data/upfagb/u267872/paquete_cluster/seqs/trimmed/ERR1458867_trim.fastq.gz,,forward
ERR1458868,/data/upfagb/u267872/paquete_cluster/seqs/trimmed/ERR1458868_trim.fastq.gz,,forward
ERR1458871,/data/upfagb/u267872/paquete_cluster/seqs/trimmed/ERR1458871_trim.fastq.gz,,forward
ERR1458875,/data/upfagb/u267872/paquete_cluster/seqs/trimmed/ERR1458875_trim.fastq.gz,,forward
ERR1458879,/data/upfagb/u267872/paquete_cluster/seqs/trimmed/ERR1458879_trim.fastq.gz,,forward
ERR1458880,/data/upfagb/u267872/paquete_cluster/seqs/trimmed/ERR1458880_trim.fastq.gz,,forward
ERR1458881,/data/upfagb/u267872/paquete_cluster/seqs/trimmed/ERR1458881_trim.fastq.gz,,forward
ERR1458882,/data/upfagb/u267872/paquete_cluster/seqs/trimmed/ERR1458882_trim.fastq.gz,,forward
ERR1458883,/data/upfagb/u267872/paquete_cluster/seqs/trimmed/ERR1458883_trim.fastq.gz,,forward
ERR1458885,/data/upfagb/u267872/paquete_cluster/seqs/trimmed/ERR1458885_trim.fastq.gz,,forward
ERR1458886,/data/upfagb/u267872/paquete_cluster/seqs/trimmed/ERR1458886_trim.fastq.gz,,forward
ERR1458889,/data/upfagb/u267872/paquete_cluster/seqs/trimmed/ERR1458889_trim.fastq.gz,,forward
ERR1458891,/data/upfagb/u267872/paquete_cluster/seqs/trimmed/ERR1458891_trim.fastq.gz,,forward
ERR1458892,/data/upfagb/u267872/paquete_cluster/seqs/trimmed/ERR1458892_trim.fastq.gz,,forward
ERR1458893,/data/upfagb/u267872/paquete_cluster/seqs/trimmed/ERR1458893_trim.fastq.gz,,forward
ERR1458896,/data/upfagb/u267872/paquete_cluster/seqs/trimmed/ERR1458896_trim.fastq.gz,,forward
ERR1458897,/data/upfagb/u267872/paquete_cluster/seqs/trimmed/ERR1458897_trim.fastq.gz,,forward
ERR1458898,/data/upfagb/u267872/paquete_cluster/seqs/trimmed/ERR1458898_trim.fastq.gz,,forward
ERR1458899,/data/upfagb/u267872/paquete_cluster/seqs/trimmed/ERR1458899_trim.fastq.gz,,forward
ERR1458901,/data/upfagb/u267872/paquete_cluster/seqs/trimmed/ERR1458901_trim.fastq.gz,,forward
ERR1458902,/data/upfagb/u267872/paquete_cluster/seqs/trimmed/ERR1458902_trim.fastq.gz,,forward
ERR1458903,/data/upfagb/u267872/paquete_cluster/seqs/trimmed/ERR1458903_trim.fastq.gz,,forward
ERR1458904,/data/upfagb/u267872/paquete_cluster/seqs/trimmed/ERR1458904_trim.fastq.gz,,forward
ERR1458905,/data/upfagb/u267872/paquete_cluster/seqs/trimmed/ERR1458905_trim.fastq.gz,,forward
ERR1458906,/data/upfagb/u267872/paquete_cluster/seqs/trimmed/ERR1458906_trim.fastq.gz,,forward
ERR1458907,/data/upfagb/u267872/paquete_cluster/seqs/trimmed/ERR1458907_trim.fastq.gz,,forward
ERR1458908,/data/upfagb/u267872/paquete_cluster/seqs/trimmed/ERR1458908_trim.fastq.gz,,forward
ERR1458909,/data/upfagb/u267872/paquete_cluster/seqs/trimmed/ERR1458909_trim.fastq.gz,,forward
ERR1458910,/data/upfagb/u267872/paquete_cluster/seqs/trimmed/ERR1458910_trim.fastq.gz,,forward
ERR1458911,/data/upfagb/u267872/paquete_cluster/seqs/trimmed/ERR1458911_trim.fastq.gz,,forward
ERR1458912,/data/upfagb/u267872/paquete_cluster/seqs/trimmed/ERR1458912_trim.fastq.gz,,forward
ERR1458913,/data/upfagb/u267872/paquete_cluster/seqs/trimmed/ERR1458913_trim.fastq.gz,,forward
ERR1458914,/data/upfagb/u267872/paquete_cluster/seqs/trimmed/ERR1458914_trim.fastq.gz,,forward
ERR1458915,/data/upfagb/u267872/paquete_cluster/seqs/trimmed/ERR1458915_trim.fastq.gz,,forward
ERR1458916,/data/upfagb/u267872/paquete_cluster/seqs/trimmed/ERR1458916_trim.fastq.gz,,forward
ERR1458917,/data/upfagb/u267872/paquete_cluster/seqs/trimmed/ERR1458917_trim.fastq.gz,,forward
ERR1458918,/data/upfagb/u267872/paquete_cluster/seqs/trimmed/ERR1458918_trim.fastq.gz,,forward
ERR1458919,/data/upfagb/u267872/paquete_cluster/seqs/trimmed/ERR1458919_trim.fastq.gz,,forward
ERR1458920,/data/upfagb/u267872/paquete_cluster/seqs/trimmed/ERR1458920_trim.fastq.gz,,forward
ERR1458921,/data/upfagb/u267872/paquete_cluster/seqs/trimmed/ERR1458921_trim.fastq.gz,,forward
ERR1458922,/data/upfagb/u267872/paquete_cluster/seqs/trimmed/ERR1458922_trim.fastq.gz,,forward
ERR1458923,/data/upfagb/u267872/paquete_cluster/seqs/trimmed/ERR1458923_trim.fastq.gz,,forward
ERR1458924,/data/upfagb/u267872/paquete_cluster/seqs/trimmed/ERR1458924_trim.fastq.gz,,forward
ERR1458925,/data/upfagb/u267872/paquete_cluster/seqs/trimmed/ERR1458925_trim.fastq.gz,,forward
ERR1458926,/data/upfagb/u267872/paquete_cluster/seqs/trimmed/ERR1458926_trim.fastq.gz,,forward
ERR1458927,/data/upfagb/u267872/paquete_cluster/seqs/trimmed/ERR1458927_trim.fastq.gz,,forward
ERR1458928,/data/upfagb/u267872/paquete_cluster/seqs/trimmed/ERR1458928_trim.fastq.gz,,forward
ERR1458929,/data/upfagb/u267872/paquete_cluster/seqs/trimmed/ERR1458929_trim.fastq.gz,,forward
ERR1458930,/data/upfagb/u267872/paquete_cluster/seqs/trimmed/ERR1458930_trim.fastq.gz,,forward
ERR1458931,/data/upfagb/u267872/paquete_cluster/seqs/trimmed/ERR1458931_trim.fastq.gz,,forward
ERR1458932,/data/upfagb/u267872/paquete_cluster/seqs/trimmed/ERR1458932_trim.fastq.gz,,forward
ERR1458933,/data/upfagb/u267872/paquete_cluster/seqs/trimmed/ERR1458933_trim.fastq.gz,,forward
ERR1458934,/data/upfagb/u267872/paquete_cluster/seqs/trimmed/ERR1458934_trim.fastq.gz,,forward
ERR1458935,/data/upfagb/u267872/paquete_cluster/seqs/trimmed/ERR1458935_trim.fastq.gz,,forward
ERR1458936,/data/upfagb/u267872/paquete_cluster/seqs/trimmed/ERR1458936_trim.fastq.gz,,forward
ERR1458937,/data/upfagb/u267872/paquete_cluster/seqs/trimmed/ERR1458937_trim.fastq.gz,,forward
ERR1458938,/data/upfagb/u267872/paquete_cluster/seqs/trimmed/ERR1458938_trim.fastq.gz,,forward
ERR1458939,/data/upfagb/u267872/paquete_cluster/seqs/trimmed/ERR1458939_trim.fastq.gz,,forward
ERR1458940,/data/upfagb/u267872/paquete_cluster/seqs/trimmed/ERR1458940_trim.fastq.gz,,forward
ERR1458941,/data/upfagb/u267872/paquete_cluster/seqs/trimmed/ERR1458941_trim.fastq.gz,,forward
ERR1458942,/data/upfagb/u267872/paquete_cluster/seqs/trimmed/ERR1458942_trim.fastq.gz,,forward
ERR1458943,/data/upfagb/u267872/paquete_cluster/seqs/trimmed/ERR1458943_trim.fastq.gz,,forward
ERR1458944,/data/upfagb/u267872/paquete_cluster/seqs/trimmed/ERR1458944_trim.fastq.gz,,forward
ERR1458945,/data/upfagb/u267872/paquete_cluster/seqs/trimmed/ERR1458945_trim.fastq.gz,,forward
ERR1458946,/data/upfagb/u267872/paquete_cluster/seqs/trimmed/ERR1458946_trim.fastq.gz,,forward
ERR1458947,/data/upfagb/u267872/paquete_cluster/seqs/trimmed/ERR1458947_trim.fastq.gz,,forward
ERR1458948,/data/upfagb/u267872/paquete_cluster/seqs/trimmed/ERR1458948_trim.fastq.gz,,forward
ERR1458949,/data/upfagb/u267872/paquete_cluster/seqs/trimmed/ERR1458949_trim.fastq.gz,,forward
ERR1458950,/data/upfagb/u267872/paquete_cluster/seqs/trimmed/ERR1458950_trim.fastq.gz,,forward
ERR1458951,/data/upfagb/u267872/paquete_cluster/seqs/trimmed/ERR1458951_trim.fastq.gz,,forward
ERR1458952,/data/upfagb/u267872/paquete_cluster/seqs/trimmed/ERR1458952_trim.fastq.gz,,forward
ERR1458953,/data/upfagb/u267872/paquete_cluster/seqs/trimmed/ERR1458953_trim.fastq.gz,,forward
ERR1458954,/data/upfagb/u267872/paquete_cluster/seqs/trimmed/ERR1458954_trim.fastq.gz,,forward
ERR1458955,/data/upfagb/u267872/paquete_cluster/seqs/trimmed/ERR1458955_trim.fastq.gz,,forward
ERR1458956,/data/upfagb/u267872/paquete_cluster/seqs/trimmed/ERR1458956_trim.fastq.gz,,forward
ERR1458957,/data/upfagb/u267872/paquete_cluster/seqs/trimmed/ERR1458957_trim.fastq.gz,,forward
ERR1458958,/data/upfagb/u267872/paquete_cluster/seqs/trimmed/ERR1458958_trim.fastq.gz,,forward
ERR1458959,/data/upfagb/u267872/paquete_cluster/seqs/trimmed/ERR1458959_trim.fastq.gz,,forward
ERR1458960,/data/upfagb/u267872/paquete_cluster/seqs/trimmed/ERR1458960_trim.fastq.gz,,forward
ERR1458961,/data/upfagb/u267872/paquete_cluster/seqs/trimmed/ERR1458961_trim.fastq.gz,,forward
ERR1458962,/data/upfagb/u267872/paquete_cluster/seqs/trimmed/ERR1458962_trim.fastq.gz,,forward
ERR1458963,/data/upfagb/u267872/paquete_cluster/seqs/trimmed/ERR1458963_trim.fastq.gz,,forward
ERR1458965,/data/upfagb/u267872/paquete_cluster/seqs/trimmed/ERR1458965_trim.fastq.gz,,forward
ERR1458966,/data/upfagb/u267872/paquete_cluster/seqs/trimmed/ERR1458966_trim.fastq.gz,,forward
ERR1458967,/data/upfagb/u267872/paquete_cluster/seqs/trimmed/ERR1458967_trim.fastq.gz,,forward
ERR1458968,/data/upfagb/u267872/paquete_cluster/seqs/trimmed/ERR1458968_trim.fastq.gz,,forward
ERR1458969,/data/upfagb/u267872/paquete_cluster/seqs/trimmed/ERR1458969_trim.fastq.gz,,forward
ERR1458970,/data/upfagb/u267872/paquete_cluster/seqs/trimmed/ERR1458970_trim.fastq.gz,,forward
ERR1458971,/data/upfagb/u267872/paquete_cluster/seqs/trimmed/ERR1458971_trim.fastq.gz,,forward
ERR1458973,/data/upfagb/u267872/paquete_cluster/seqs/trimmed/ERR1458973_trim.fastq.gz,,forward
ERR1458974,/data/upfagb/u267872/paquete_cluster/seqs/trimmed/ERR1458974_trim.fastq.gz,,forward
ERR1458975,/data/upfagb/u267872/paquete_cluster/seqs/trimmed/ERR1458975_trim.fastq.gz,,forward
ERR1458976,/data/upfagb/u267872/paquete_cluster/seqs/trimmed/ERR1458976_trim.fastq.gz,,forward
ERR1458977,/data/upfagb/u267872/paquete_cluster/seqs/trimmed/ERR1458977_trim.fastq.gz,,forward
ERR1458978,/data/upfagb/u267872/paquete_cluster/seqs/trimmed/ERR1458978_trim.fastq.gz,,forward
ERR1458979,/data/upfagb/u267872/paquete_cluster/seqs/trimmed/ERR1458979_trim.fastq.gz,,forward
ERR1458980,/data/upfagb/u267872/paquete_cluster/seqs/trimmed/ERR1458980_trim.fastq.gz,,forward
ERR1458981,/data/upfagb/u267872/paquete_cluster/seqs/trimmed/ERR1458981_trim.fastq.gz,,forward
ERR1458982,/data/upfagb/u267872/paquete_cluster/seqs/trimmed/ERR1458982_trim.fastq.gz,,forward
ERR1458983,/data/upfagb/u267872/paquete_cluster/seqs/trimmed/ERR1458983_trim.fastq.gz,,forward
ERR1458984,/data/upfagb/u267872/paquete_cluster/seqs/trimmed/ERR1458984_trim.fastq.gz,,forward
ERR1458985,/data/upfagb/u267872/paquete_cluster/seqs/trimmed/ERR1458985_trim.fastq.gz,,forward
ERR1458986,/data/upfagb/u267872/paquete_cluster/seqs/trimmed/ERR1458986_trim.fastq.gz,,forward
ERR1458987,/data/upfagb/u267872/paquete_cluster/seqs/trimmed/ERR1458987_trim.fastq.gz,,forward
ERR1458988,/data/upfagb/u267872/paquete_cluster/seqs/trimmed/ERR1458988_trim.fastq.gz,,forward
ERR1458989,/data/upfagb/u267872/paquete_cluster/seqs/trimmed/ERR1458989_trim.fastq.gz,,forward
ERR1458990,/data/upfagb/u267872/paquete_cluster/seqs/trimmed/ERR1458990_trim.fastq.gz,,forward
ERR1458991,/data/upfagb/u267872/paquete_cluster/seqs/trimmed/ERR1458991_trim.fastq.gz,,forward
ERR1458992,/data/upfagb/u267872/paquete_cluster/seqs/trimmed/ERR1458992_trim.fastq.gz,,forward
ERR1458993,/data/upfagb/u267872/paquete_cluster/seqs/trimmed/ERR1458993_trim.fastq.gz,,forward
ERR1458994,/data/upfagb/u267872/paquete_cluster/seqs/trimmed/ERR1458994_trim.fastq.gz,,forward
ERR1458995,/data/upfagb/u267872/paquete_cluster/seqs/trimmed/ERR1458995_trim.fastq.gz,,forward
ERR1458996,/data/upfagb/u267872/paquete_cluster/seqs/trimmed/ERR1458996_trim.fastq.gz,,forward
ERR1458997,/data/upfagb/u267872/paquete_cluster/seqs/trimmed/ERR1458997_trim.fastq.gz,,forward
ERR1458998,/data/upfagb/u267872/paquete_cluster/seqs/trimmed/ERR1458998_trim.fastq.gz,,forward
ERR1458999,/data/upfagb/u267872/paquete_cluster/seqs/trimmed/ERR1458999_trim.fastq.gz,,forward
ERR1459000,/data/upfagb/u267872/paquete_cluster/seqs/trimmed/ERR1459000_trim.fastq.gz,,forward
ERR1459001,/data/upfagb/u267872/paquete_cluster/seqs/trimmed/ERR1459001_trim.fastq.gz,,forward
ERR1459002,/data/upfagb/u267872/paquete_cluster/seqs/trimmed/ERR1459002_trim.fastq.gz,,forward
ERR1459003,/data/upfagb/u267872/paquete_cluster/seqs/trimmed/ERR1459003_trim.fastq.gz,,forward
ERR1459004,/data/upfagb/u267872/paquete_cluster/seqs/trimmed/ERR1459004_trim.fastq.gz,,forward
ERR1459005,/data/upfagb/u267872/paquete_cluster/seqs/trimmed/ERR1459005_trim.fastq.gz,,forward
ERR1459006,/data/upfagb/u267872/paquete_cluster/seqs/trimmed/ERR1459006_trim.fastq.gz,,forward
ERR1459007,/data/upfagb/u267872/paquete_cluster/seqs/trimmed/ERR1459007_trim.fastq.gz,,forward
ERR1459008,/data/upfagb/u267872/paquete_cluster/seqs/trimmed/ERR1459008_trim.fastq.gz,,forward
ERR1459009,/data/upfagb/u267872/paquete_cluster/seqs/trimmed/ERR1459009_trim.fastq.gz,,forward
ERR1459010,/data/upfagb/u267872/paquete_cluster/seqs/trimmed/ERR1459010_trim.fastq.gz,,forward
ERR1459011,/data/upfagb/u267872/paquete_cluster/seqs/trimmed/ERR1459011_trim.fastq.gz,,forward
ERR1459012,/data/upfagb/u267872/paquete_cluster/seqs/trimmed/ERR1459012_trim.fastq.gz,,forward
ERR1459013,/data/upfagb/u267872/paquete_cluster/seqs/trimmed/ERR1459013_trim.fastq.gz,,forward
ERR1459014,/data/upfagb/u267872/paquete_cluster/seqs/trimmed/ERR1459014_trim.fastq.gz,,forward
ERR1459015,/data/upfagb/u267872/paquete_cluster/seqs/trimmed/ERR1459015_trim.fastq.gz,,forward
ERR1459016,/data/upfagb/u267872/paquete_cluster/seqs/trimmed/ERR1459016_trim.fastq.gz,,forward
ERR1459017,/data/upfagb/u267872/paquete_cluster/seqs/trimmed/ERR1459017_trim.fastq.gz,,forward
ERR1459018,/data/upfagb/u267872/paquete_cluster/seqs/trimmed/ERR1459018_trim.fastq.gz,,forward
ERR1459019,/data/upfagb/u267872/paquete_cluster/seqs/trimmed/ERR1459019_trim.fastq.gz,,forward
ERR1459020,/data/upfagb/u267872/paquete_cluster/seqs/trimmed/ERR1459020_trim.fastq.gz,,forward
ERR1459021,/data/upfagb/u267872/paquete_cluster/seqs/trimmed/ERR1459021_trim.fastq.gz,,forward
ERR1459022,/data/upfagb/u267872/paquete_cluster/seqs/trimmed/ERR1459022_trim.fastq.gz,,forward
ERR1459023,/data/upfagb/u267872/paquete_cluster/seqs/trimmed/ERR1459023_trim.fastq.gz,,forward
ERR1459024,/data/upfagb/u267872/paquete_cluster/seqs/trimmed/ERR1459024_trim.fastq.gz,,forward
ERR1459025,/data/upfagb/u267872/paquete_cluster/seqs/trimmed/ERR1459025_trim.fastq.gz,,forward
ERR1459026,/data/upfagb/u267872/paquete_cluster/seqs/trimmed/ERR1459026_trim.fastq.gz,,forward
ERR1459027,/data/upfagb/u267872/paquete_cluster/seqs/trimmed/ERR1459027_trim.fastq.gz,,forward
ERR1459028,/data/upfagb/u267872/paquete_cluster/seqs/trimmed/ERR1459028_trim.fastq.gz,,forward
ERR1459029,/data/upfagb/u267872/paquete_cluster/seqs/trimmed/ERR1459029_trim.fastq.gz,,forward
ERR1459030,/data/upfagb/u267872/paquete_cluster/seqs/trimmed/ERR1459030_trim.fastq.gz,,forward
ERR1459031,/data/upfagb/u267872/paquete_cluster/seqs/trimmed/ERR1459031_trim.fastq.gz,,forward
ERR1459032,/data/upfagb/u267872/paquete_cluster/seqs/trimmed/ERR1459032_trim.fastq.gz,,forward
ERR1459033,/data/upfagb/u267872/paquete_cluster/seqs/trimmed/ERR1459033_trim.fastq.gz,,forward
ERR1459034,/data/upfagb/u267872/paquete_cluster/seqs/trimmed/ERR1459034_trim.fastq.gz,,forward
ERR1459035,/data/upfagb/u267872/paquete_cluster/seqs/trimmed/ERR1459035_trim.fastq.gz,,forward
ERR1459036,/data/upfagb/u267872/paquete_cluster/seqs/trimmed/ERR1459036_trim.fastq.gz,,forward
ERR1459037,/data/upfagb/u267872/paquete_cluster/seqs/trimmed/ERR1459037_trim.fastq.gz,,forward
ERR1459038,/data/upfagb/u267872/paquete_cluster/seqs/trimmed/ERR1459038_trim.fastq.gz,,forward
ERR1459039,/data/upfagb/u267872/paquete_cluster/seqs/trimmed/ERR1459039_trim.fastq.gz,,forward
ERR1459040,/data/upfagb/u267872/paquete_cluster/seqs/trimmed/ERR1459040_trim.fastq.gz,,forward
ERR1459041,/data/upfagb/u267872/paquete_cluster/seqs/trimmed/ERR1459041_trim.fastq.gz,,forward
ERR1459042,/data/upfagb/u267872/paquete_cluster/seqs/trimmed/ERR1459042_trim.fastq.gz,,forward
ERR1459043,/data/upfagb/u267872/paquete_cluster/seqs/trimmed/ERR1459043_trim.fastq.gz,,forward
ERR1459044,/data/upfagb/u267872/paquete_cluster/seqs/trimmed/ERR1459044_trim.fastq.gz,,forward
ERR1459045,/data/upfagb/u267872/paquete_cluster/seqs/trimmed/ERR1459045_trim.fastq.gz,,forward
ERR1459046,/data/upfagb/u267872/paquete_cluster/seqs/trimmed/ERR1459046_trim.fastq.gz,,forward
ERR1459047,/data/upfagb/u267872/paquete_cluster/seqs/trimmed/ERR1459047_trim.fastq.gz,,forward
ERR1459048,/data/upfagb/u267872/paquete_cluster/seqs/trimmed/ERR1459048_trim.fastq.gz,,forward
ERR1459049,/data/upfagb/u267872/paquete_cluster/seqs/trimmed/ERR1459049_trim.fastq.gz,,forward
ERR1459050,/data/upfagb/u267872/paquete_cluster/seqs/trimmed/ERR1459050_trim.fastq.gz,,forward
ERR1459051,/data/upfagb/u267872/paquete_cluster/seqs/trimmed/ERR1459051_trim.fastq.gz,,forward
ERR1459052,/data/upfagb/u267872/paquete_cluster/seqs/trimmed/ERR1459052_trim.fastq.gz,,forward
ERR1459053,/data/upfagb/u267872/paquete_cluster/seqs/trimmed/ERR1459053_trim.fastq.gz,,forward
ERR1459054,/data/upfagb/u267872/paquete_cluster/seqs/trimmed/ERR1459054_trim.fastq.gz,,forward
ERR1459055,/data/upfagb/u267872/paquete_cluster/seqs/trimmed/ERR1459055_trim.fastq.gz,,forward
ERR1459056,/data/upfagb/u267872/paquete_cluster/seqs/trimmed/ERR1459056_trim.fastq.gz,,forward
ERR1459057,/data/upfagb/u267872/paquete_cluster/seqs/trimmed/ERR1459057_trim.fastq.gz,,forward
ERR1459058,/data/upfagb/u267872/paquete_cluster/seqs/trimmed/ERR1459058_trim.fastq.gz,,forward
ERR1459059,/data/upfagb/u267872/paquete_cluster/seqs/trimmed/ERR1459059_trim.fastq.gz,,forward
ERR1459060,/data/upfagb/u267872/paquete_cluster/seqs/trimmed/ERR1459060_trim.fastq.gz,,forward
ERR1459061,/data/upfagb/u267872/paquete_cluster/seqs/trimmed/ERR1459061_trim.fastq.gz,,forward
ERR1459062,/data/upfagb/u267872/paquete_cluster/seqs/trimmed/ERR1459062_trim.fastq.gz,,forward
ERR1459063,/data/upfagb/u267872/paquete_cluster/seqs/trimmed/ERR1459063_trim.fastq.gz,,forward
ERR1459064,/data/upfagb/u267872/paquete_cluster/seqs/trimmed/ERR1459064_trim.fastq.gz,,forward
ERR1459065,/data/upfagb/u267872/paquete_cluster/seqs/trimmed/ERR1459065_trim.fastq.gz,,forward
ERR1459066,/data/upfagb/u267872/paquete_cluster/seqs/trimmed/ERR1459066_trim.fastq.gz,,forward
ERR1459067,/data/upfagb/u267872/paquete_cluster/seqs/trimmed/ERR1459067_trim.fastq.gz,,forward
ERR1459068,/data/upfagb/u267872/paquete_cluster/seqs/trimmed/ERR1459068_trim.fastq.gz,,forward
ERR1459069,/data/upfagb/u267872/paquete_cluster/seqs/trimmed/ERR1459069_trim.fastq.gz,,forward
ERR1459070,/data/upfagb/u267872/paquete_cluster/seqs/trimmed/ERR1459070_trim.fastq.gz,,forward
ERR1459071,/data/upfagb/u267872/paquete_cluster/seqs/trimmed/ERR1459071_trim.fastq.gz,,forward
ERR1459072,/data/upfagb/u267872/paquete_cluster/seqs/trimmed/ERR1459072_trim.fastq.gz,,forward
ERR1459073,/data/upfagb/u267872/paquete_cluster/seqs/trimmed/ERR1459073_trim.fastq.gz,,forward
ERR1459074,/data/upfagb/u267872/paquete_cluster/seqs/trimmed/ERR1459074_trim.fastq.gz,,forward
ERR1459075,/data/upfagb/u267872/paquete_cluster/seqs/trimmed/ERR1459075_trim.fastq.gz,,forward
ERR1459076,/data/upfagb/u267872/paquete_cluster/seqs/trimmed/ERR1459076_trim.fastq.gz,,forward
ERR1459077,/data/upfagb/u267872/paquete_cluster/seqs/trimmed/ERR1459077_trim.fastq.gz,,forward
ERR1459078,/data/upfagb/u267872/paquete_cluster/seqs/trimmed/ERR1459078_trim.fastq.gz,,forward
ERR1459079,/data/upfagb/u267872/paquete_cluster/seqs/trimmed/ERR1459079_trim.fastq.gz,,forward
ERR1459080,/data/upfagb/u267872/paquete_cluster/seqs/trimmed/ERR1459080_trim.fastq.gz,,forward
ERR1459081,/data/upfagb/u267872/paquete_cluster/seqs/trimmed/ERR1459081_trim.fastq.gz,,forward
ERR1459082,/data/upfagb/u267872/paquete_cluster/seqs/trimmed/ERR1459082_trim.fastq.gz,,forward
ERR1459083,/data/upfagb/u267872/paquete_cluster/seqs/trimmed/ERR1459083_trim.fastq.gz,,forward
ERR1459084,/data/upfagb/u267872/paquete_cluster/seqs/trimmed/ERR1459084_trim.fastq.gz,,forward
ERR1459085,/data/upfagb/u267872/paquete_cluster/seqs/trimmed/ERR1459085_trim.fastq.gz,,forward
ERR1459086,/data/upfagb/u267872/paquete_cluster/seqs/trimmed/ERR1459086_trim.fastq.gz,,forward
ERR1459087,/data/upfagb/u267872/paquete_cluster/seqs/trimmed/ERR1459087_trim.fastq.gz,,forward
ERR1459088,/data/upfagb/u267872/paquete_cluster/seqs/trimmed/ERR1459088_trim.fastq.gz,,forward
ERR1459089,/data/upfagb/u267872/paquete_cluster/seqs/trimmed/ERR1459089_trim.fastq.gz,,forward
ERR1459090,/data/upfagb/u267872/paquete_cluster/seqs/trimmed/ERR1459090_trim.fastq.gz,,forward
ERR1459091,/data/upfagb/u267872/paquete_cluster/seqs/trimmed/ERR1459091_trim.fastq.gz,,forward
ERR1459092,/data/upfagb/u267872/paquete_cluster/seqs/trimmed/ERR1459092_trim.fastq.gz,,forward
ERR1459093,/data/upfagb/u267872/paquete_cluster/seqs/trimmed/ERR1459093_trim.fastq.gz,,forward
ERR1459094,/data/upfagb/u267872/paquete_cluster/seqs/trimmed/ERR1459094_trim.fastq.gz,,forward
ERR1459095,/data/upfagb/u267872/paquete_cluster/seqs/trimmed/ERR1459095_trim.fastq.gz,,forward
ERR1459096,/data/upfagb/u267872/paquete_cluster/seqs/trimmed/ERR1459096_trim.fastq.gz,,forward
ERR1459097,/data/upfagb/u267872/paquete_cluster/seqs/trimmed/ERR1459097_trim.fastq.gz,,forward
ERR1459098,/data/upfagb/u267872/paquete_cluster/seqs/trimmed/ERR1459098_trim.fastq.gz,,forward
ERR1459099,/data/upfagb/u267872/paquete_cluster/seqs/trimmed/ERR1459099_trim.fastq.gz,,forward
ERR1459100,/data/upfagb/u267872/paquete_cluster/seqs/trimmed/ERR1459100_trim.fastq.gz,,forward
ERR1459101,/data/upfagb/u267872/paquete_cluster/seqs/trimmed/ERR1459101_trim.fastq.gz,,forward
ERR1459102,/data/upfagb/u267872/paquete_cluster/seqs/trimmed/ERR1459102_trim.fastq.gz,,forward
ERR1459103,/data/upfagb/u267872/paquete_cluster/seqs/trimmed/ERR1459103_trim.fastq.gz,,forward
ERR1459104,/data/upfagb/u267872/paquete_cluster/seqs/trimmed/ERR1459104_trim.fastq.gz,,forward
ERR1459105,/data/upfagb/u267872/paquete_cluster/seqs/trimmed/ERR1459105_trim.fastq.gz,,forward
ERR1459106,/data/upfagb/u267872/paquete_cluster/seqs/trimmed/ERR1459106_trim.fastq.gz,,forward
ERR1459107,/data/upfagb/u267872/paquete_cluster/seqs/trimmed/ERR1459107_trim.fastq.gz,,forward
ERR1459108,/data/upfagb/u267872/paquete_cluster/seqs/trimmed/ERR1459108_trim.fastq.gz,,forward
ERR1459109,/data/upfagb/u267872/paquete_cluster/seqs/trimmed/ERR1459109_trim.fastq.gz,,forward
ERR1459110,/data/upfagb/u267872/paquete_cluster/seqs/trimmed/ERR1459110_trim.fastq.gz,,forward
ERR1459111,/data/upfagb/u267872/paquete_cluster/seqs/trimmed/ERR1459111_trim.fastq.gz,,forward
ERR1459112,/data/upfagb/u267872/paquete_cluster/seqs/trimmed/ERR1459112_trim.fastq.gz,,forward
ERR1459113,/data/upfagb/u267872/paquete_cluster/seqs/trimmed/ERR1459113_trim.fastq.gz,,forward
ERR1459114,/data/upfagb/u267872/paquete_cluster/seqs/trimmed/ERR1459114_trim.fastq.gz,,forward
ERR1459115,/data/upfagb/u267872/paquete_cluster/seqs/trimmed/ERR1459115_trim.fastq.gz,,forward
ERR1459116,/data/upfagb/u267872/paquete_cluster/seqs/trimmed/ERR1459116_trim.fastq.gz,,forward
ERR1459117,/data/upfagb/u267872/paquete_cluster/seqs/trimmed/ERR1459117_trim.fastq.gz,,forward
ERR1459118,/data/upfagb/u267872/paquete_cluster/seqs/trimmed/ERR1459118_trim.fastq.gz,,forward
ERR1459119,/data/upfagb/u267872/paquete_cluster/seqs/trimmed/ERR1459119_trim.fastq.gz,,forward
ERR1459120,/data/upfagb/u267872/paquete_cluster/seqs/trimmed/ERR1459120_trim.fastq.gz,,forward
ERR1459121,/data/upfagb/u267872/paquete_cluster/seqs/trimmed/ERR1459121_trim.fastq.gz,,forward
ERR1459122,/data/upfagb/u267872/paquete_cluster/seqs/trimmed/ERR1459122_trim.fastq.gz,,forward
ERR1459123,/data/upfagb/u267872/paquete_cluster/seqs/trimmed/ERR1459123_trim.fastq.gz,,forward
ERR1459124,/data/upfagb/u267872/paquete_cluster/seqs/trimmed/ERR1459124_trim.fastq.gz,,forward
ERR1459125,/data/upfagb/u267872/paquete_cluster/seqs/trimmed/ERR1459125_trim.fastq.gz,,forward
ERR1459126,/data/upfagb/u267872/paquete_cluster/seqs/trimmed/ERR1459126_trim.fastq.gz,,forward
ERR1459127,/data/upfagb/u267872/paquete_cluster/seqs/trimmed/ERR1459127_trim.fastq.gz,,forward
ERR1459128,/data/upfagb/u267872/paquete_cluster/seqs/trimmed/ERR1459128_trim.fastq.gz,,forward
ERR1459129,/data/upfagb/u267872/paquete_cluster/seqs/trimmed/ERR1459129_trim.fastq.gz,,forward
ERR1459130,/data/upfagb/u267872/paquete_cluster/seqs/trimmed/ERR1459130_trim.fastq.gz,,forward
ERR1459131,/data/upfagb/u267872/paquete_cluster/seqs/trimmed/ERR1459131_trim.fastq.gz,,forward
ERR1459132,/data/upfagb/u267872/paquete_cluster/seqs/trimmed/ERR1459132_trim.fastq.gz,,forward
ERR1459133,/data/upfagb/u267872/paquete_cluster/seqs/trimmed/ERR1459133_trim.fastq.gz,,forward
ERR1459134,/data/upfagb/u267872/paquete_cluster/seqs/trimmed/ERR1459134_trim.fastq.gz,,forward
ERR1459135,/data/upfagb/u267872/paquete_cluster/seqs/trimmed/ERR1459135_trim.fastq.gz,,forward
ERR1459136,/data/upfagb/u267872/paquete_cluster/seqs/trimmed/ERR1459136_trim.fastq.gz,,forward
ERR1459137,/data/upfagb/u267872/paquete_cluster/seqs/trimmed/ERR1459137_trim.fastq.gz,,forward
ERR1459138,/data/upfagb/u267872/paquete_cluster/seqs/trimmed/ERR1459138_trim.fastq.gz,,forward
ERR1459139,/data/upfagb/u267872/paquete_cluster/seqs/trimmed/ERR1459139_trim.fastq.gz,,forward
ERR1459140,/data/upfagb/u267872/paquete_cluster/seqs/trimmed/ERR1459140_trim.fastq.gz,,forward
ERR1459141,/data/upfagb/u267872/paquete_cluster/seqs/trimmed/ERR1459141_trim.fastq.gz,,forward
ERR1459142,/data/upfagb/u267872/paquete_cluster/seqs/trimmed/ERR1459142_trim.fastq.gz,,forward
ERR1459143,/data/upfagb/u267872/paquete_cluster/seqs/trimmed/ERR1459143_trim.fastq.gz,,forward
ERR1459144,/data/upfagb/u267872/paquete_cluster/seqs/trimmed/ERR1459144_trim.fastq.gz,,forward
ERR1459145,/data/upfagb/u267872/paquete_cluster/seqs/trimmed/ERR1459145_trim.fastq.gz,,forward
ERR1459146,/data/upfagb/u267872/paquete_cluster/seqs/trimmed/ERR1459146_trim.fastq.gz,,forward
ERR1459147,/data/upfagb/u267872/paquete_cluster/seqs/trimmed/ERR1459147_trim.fastq.gz,,forward
ERR1459148,/data/upfagb/u267872/paquete_cluster/seqs/trimmed/ERR1459148_trim.fastq.gz,,forward
ERR1459149,/data/upfagb/u267872/paquete_cluster/seqs/trimmed/ERR1459149_trim.fastq.gz,,forward
ERR1459150,/data/upfagb/u267872/paquete_cluster/seqs/trimmed/ERR1459150_trim.fastq.gz,,forward
ERR1459151,/data/upfagb/u267872/paquete_cluster/seqs/trimmed/ERR1459151_trim.fastq.gz,,forward
ERR1459152,/data/upfagb/u267872/paquete_cluster/seqs/trimmed/ERR1459152_trim.fastq.gz,,forward
ERR1459153,/data/upfagb/u267872/paquete_cluster/seqs/trimmed/ERR1459153_trim.fastq.gz,,forward
ERR1459154,/data/upfagb/u267872/paquete_cluster/seqs/trimmed/ERR1459154_trim.fastq.gz,,forward
ERR1459155,/data/upfagb/u267872/paquete_cluster/seqs/trimmed/ERR1459155_trim.fastq.gz,,forward
ERR1459156,/data/upfagb/u267872/paquete_cluster/seqs/trimmed/ERR1459156_trim.fastq.gz,,forward
ERR1459157,/data/upfagb/u267872/paquete_cluster/seqs/trimmed/ERR1459157_trim.fastq.gz,,forward
ERR1459158,/data/upfagb/u267872/paquete_cluster/seqs/trimmed/ERR1459158_trim.fastq.gz,,forward
ERR1459159,/data/upfagb/u267872/paquete_cluster/seqs/trimmed/ERR1459159_trim.fastq.gz,,forward
ERR1459160,/data/upfagb/u267872/paquete_cluster/seqs/trimmed/ERR1459160_trim.fastq.gz,,forward
ERR1459161,/data/upfagb/u267872/paquete_cluster/seqs/trimmed/ERR1459161_trim.fastq.gz,,forward
ERR1459162,/data/upfagb/u267872/paquete_cluster/seqs/trimmed/ERR1459162_trim.fastq.gz,,forward
ERR1459163,/data/upfagb/u267872/paquete_cluster/seqs/trimmed/ERR1459163_trim.fastq.gz,,forward
ERR1459164,/data/upfagb/u267872/paquete_cluster/seqs/trimmed/ERR1459164_trim.fastq.gz,,forward
ERR1459165,/data/upfagb/u267872/paquete_cluster/seqs/trimmed/ERR1459165_trim.fastq.gz,,forward
ERR1459166,/data/upfagb/u267872/paquete_cluster/seqs/trimmed/ERR1459166_trim.fastq.gz,,forward
ERR1459167,/data/upfagb/u267872/paquete_cluster/seqs/trimmed/ERR1459167_trim.fastq.gz,,forward
ERR1459168,/data/upfagb/u267872/paquete_cluster/seqs/trimmed/ERR1459168_trim.fastq.gz,,forward
ERR1459169,/data/upfagb/u267872/paquete_cluster/seqs/trimmed/ERR1459169_trim.fastq.gz,,forward
ERR1459170,/data/upfagb/u267872/paquete_cluster/seqs/trimmed/ERR1459170_trim.fastq.gz,,forward
ERR1459171,/data/upfagb/u267872/paquete_cluster/seqs/trimmed/ERR1459171_trim.fastq.gz,,forward
ERR1459172,/data/upfagb/u267872/paquete_cluster/seqs/trimmed/ERR1459172_trim.fastq.gz,,forward
ERR1459173,/data/upfagb/u267872/paquete_cluster/seqs/trimmed/ERR1459173_trim.fastq.gz,,forward
ERR1459174,/data/upfagb/u267872/paquete_cluster/seqs/trimmed/ERR1459174_trim.fastq.gz,,forward
ERR1459175,/data/upfagb/u267872/paquete_cluster/seqs/trimmed/ERR1459175_trim.fastq.gz,,forward
ERR1459176,/data/upfagb/u267872/paquete_cluster/seqs/trimmed/ERR1459176_trim.fastq.gz,,forward
ERR1459177,/data/upfagb/u267872/paquete_cluster/seqs/trimmed/ERR1459177_trim.fastq.gz,,forward
ERR1459178,/data/upfagb/u267872/paquete_cluster/seqs/trimmed/ERR1459178_trim.fastq.gz,,forward
ERR1459179,/data/upfagb/u267872/paquete_cluster/seqs/trimmed/ERR1459179_trim.fastq.gz,,forward
ERR1459180,/data/upfagb/u267872/paquete_cluster/seqs/trimmed/ERR1459180_trim.fastq.gz,,forward
ERR1459181,/data/upfagb/u267872/paquete_cluster/seqs/trimmed/ERR1459181_trim.fastq.gz,,forward
ERR1459182,/data/upfagb/u267872/paquete_cluster/seqs/trimmed/ERR1459182_trim.fastq.gz,,forward
ERR1459183,/data/upfagb/u267872/paquete_cluster/seqs/trimmed/ERR1459183_trim.fastq.gz,,forward
ERR1459184,/data/upfagb/u267872/paquete_cluster/seqs/trimmed/ERR1459184_trim.fastq.gz,,forward
ERR1459185,/data/upfagb/u267872/paquete_cluster/seqs/trimmed/ERR1459185_trim.fastq.gz,,forward
ERR1459186,/data/upfagb/u267872/paquete_cluster/seqs/trimmed/ERR1459186_trim.fastq.gz,,forward
ERR1459187,/data/upfagb/u267872/paquete_cluster/seqs/trimmed/ERR1459187_trim.fastq.gz,,forward
ERR1459188,/data/upfagb/u267872/paquete_cluster/seqs/trimmed/ERR1459188_trim.fastq.gz,,forward
ERR1459189,/data/upfagb/u267872/paquete_cluster/seqs/trimmed/ERR1459189_trim.fastq.gz,,forward
ERR1459190,/data/upfagb/u267872/paquete_cluster/seqs/trimmed/ERR1459190_trim.fastq.gz,,forward
ERR1459191,/data/upfagb/u267872/paquete_cluster/seqs/trimmed/ERR1459191_trim.fastq.gz,,forward
ERR1459192,/data/upfagb/u267872/paquete_cluster/seqs/trimmed/ERR1459192_trim.fastq.gz,,forward
ERR1459193,/data/upfagb/u267872/paquete_cluster/seqs/trimmed/ERR1459193_trim.fastq.gz,,forward
ERR1459194,/data/upfagb/u267872/paquete_cluster/seqs/trimmed/ERR1459194_trim.fastq.gz,,forward
ERR1459195,/data/upfagb/u267872/paquete_cluster/seqs/trimmed/ERR1459195_trim.fastq.gz,,forward
ERR1459196,/data/upfagb/u267872/paquete_cluster/seqs/trimmed/ERR1459196_trim.fastq.gz,,forward
ERR1459197,/data/upfagb/u267872/paquete_cluster/seqs/trimmed/ERR1459197_trim.fastq.gz,,forward
ERR1459198,/data/upfagb/u267872/paquete_cluster/seqs/trimmed/ERR1459198_trim.fastq.gz,,forward
ERR1459199,/data/upfagb/u267872/paquete_cluster/seqs/trimmed/ERR1459199_trim.fastq.gz,,forward
ERR1459200,/data/upfagb/u267872/paquete_cluster/seqs/trimmed/ERR1459200_trim.fastq.gz,,forward
ERR1459201,/data/upfagb/u267872/paquete_cluster/seqs/trimmed/ERR1459201_trim.fastq.gz,,forward
ERR1459202,/data/upfagb/u267872/paquete_cluster/seqs/trimmed/ERR1459202_trim.fastq.gz,,forward
ERR1459203,/data/upfagb/u267872/paquete_cluster/seqs/trimmed/ERR1459203_trim.fastq.gz,,forward
ERR1459204,/data/upfagb/u267872/paquete_cluster/seqs/trimmed/ERR1459204_trim.fastq.gz,,forward
ERR1459205,/data/upfagb/u267872/paquete_cluster/seqs/trimmed/ERR1459205_trim.fastq.gz,,forward
ERR1459206,/data/upfagb/u267872/paquete_cluster/seqs/trimmed/ERR1459206_trim.fastq.gz,,forward
ERR1459207,/data/upfagb/u267872/paquete_cluster/seqs/trimmed/ERR1459207_trim.fastq.gz,,forward
ERR1459208,/data/upfagb/u267872/paquete_cluster/seqs/trimmed/ERR1459208_trim.fastq.gz,,forward
ERR1459209,/data/upfagb/u267872/paquete_cluster/seqs/trimmed/ERR1459209_trim.fastq.gz,,forward
ERR1459210,/data/upfagb/u267872/paquete_cluster/seqs/trimmed/ERR1459210_trim.fastq.gz,,forward
ERR1459211,/data/upfagb/u267872/paquete_cluster/seqs/trimmed/ERR1459211_trim.fastq.gz,,forward
ERR1459212,/data/upfagb/u267872/paquete_cluster/seqs/trimmed/ERR1459212_trim.fastq.gz,,forward
ERR1459213,/data/upfagb/u267872/paquete_cluster/seqs/trimmed/ERR1459213_trim.fastq.gz,,forward
ERR1459214,/data/upfagb/u267872/paquete_cluster/seqs/trimmed/ERR1459214_trim.fastq.gz,,forward
ERR1459215,/data/upfagb/u267872/paquete_cluster/seqs/trimmed/ERR1459215_trim.fastq.gz,,forward
ERR1459216,/data/upfagb/u267872/paquete_cluster/seqs/trimmed/ERR1459216_trim.fastq.gz,,forward
ERR1459217,/data/upfagb/u267872/paquete_cluster/seqs/trimmed/ERR1459217_trim.fastq.gz,,forward
ERR1459218,/data/upfagb/u267872/paquete_cluster/seqs/trimmed/ERR1459218_trim.fastq.gz,,forward
ERR1459219,/data/upfagb/u267872/paquete_cluster/seqs/trimmed/ERR1459219_trim.fastq.gz,,forward
ERR1459220,/data/upfagb/u267872/paquete_cluster/seqs/trimmed/ERR1459220_trim.fastq.gz,,forward
ERR1459221,/data/upfagb/u267872/paquete_cluster/seqs/trimmed/ERR1459221_trim.fastq.gz,,forward
ERR1459222,/data/upfagb/u267872/paquete_cluster/seqs/trimmed/ERR1459222_trim.fastq.gz,,forward
ERR1459223,/data/upfagb/u267872/paquete_cluster/seqs/trimmed/ERR1459223_trim.fastq.gz,,forward
ERR1459224,/data/upfagb/u267872/paquete_cluster/seqs/trimmed/ERR1459224_trim.fastq.gz,,forward
ERR1459225,/data/upfagb/u267872/paquete_cluster/seqs/trimmed/ERR1459225_trim.fastq.gz,,forward
ERR1459226,/data/upfagb/u267872/paquete_cluster/seqs/trimmed/ERR1459226_trim.fastq.gz,,forward
ERR1459227,/data/upfagb/u267872/paquete_cluster/seqs/trimmed/ERR1459227_trim.fastq.gz,,forward
ERR1459228,/data/upfagb/u267872/paquete_cluster/seqs/trimmed/ERR1459228_trim.fastq.gz,,forward
ERR1459229,/data/upfagb/u267872/paquete_cluster/seqs/trimmed/ERR1459229_trim.fastq.gz,,forward
ERR1459230,/data/upfagb/u267872/paquete_cluster/seqs/trimmed/ERR1459230_trim.fastq.gz,,forward
ERR1459231,/data/upfagb/u267872/paquete_cluster/seqs/trimmed/ERR1459231_trim.fastq.gz,,forward
ERR1459232,/data/upfagb/u267872/paquete_cluster/seqs/trimmed/ERR1459232_trim.fastq.gz,,forward
ERR1459233,/data/upfagb/u267872/paquete_cluster/seqs/trimmed/ERR1459233_trim.fastq.gz,,forward
ERR1459234,/data/upfagb/u267872/paquete_cluster/seqs/trimmed/ERR1459234_trim.fastq.gz,,forward
ERR1459235,/data/upfagb/u267872/paquete_cluster/seqs/trimmed/ERR1459235_trim.fastq.gz,,forward
ERR1459236,/data/upfagb/u267872/paquete_cluster/seqs/trimmed/ERR1459236_trim.fastq.gz,,forward
ERR1459237,/data/upfagb/u267872/paquete_cluster/seqs/trimmed/ERR1459237_trim.fastq.gz,,forward
ERR1459238,/data/upfagb/u267872/paquete_cluster/seqs/trimmed/ERR1459238_trim.fastq.gz,,forward
ERR1459239,/data/upfagb/u267872/paquete_cluster/seqs/trimmed/ERR1459239_trim.fastq.gz,,forward
ERR1459240,/data/upfagb/u267872/paquete_cluster/seqs/trimmed/ERR1459240_trim.fastq.gz,,forward
ERR1459241,/data/upfagb/u267872/paquete_cluster/seqs/trimmed/ERR1459241_trim.fastq.gz,,forward
ERR1459242,/data/upfagb/u267872/paquete_cluster/seqs/trimmed/ERR1459242_trim.fastq.gz,,forward
ERR1459243,/data/upfagb/u267872/paquete_cluster/seqs/trimmed/ERR1459243_trim.fastq.gz,,forward
ERR1459244,/data/upfagb/u267872/paquete_cluster/seqs/trimmed/ERR1459244_trim.fastq.gz,,forward
ERR1459245,/data/upfagb/u267872/paquete_cluster/seqs/trimmed/ERR1459245_trim.fastq.gz,,forward
ERR1459246,/data/upfagb/u267872/paquete_cluster/seqs/trimmed/ERR1459246_trim.fastq.gz,,forward
ERR1459247,/data/upfagb/u267872/paquete_cluster/seqs/trimmed/ERR1459247_trim.fastq.gz,,forward
ERR1459248,/data/upfagb/u267872/paquete_cluster/seqs/trimmed/ERR1459248_trim.fastq.gz,,forward
ERR1459249,/data/upfagb/u267872/paquete_cluster/seqs/trimmed/ERR1459249_trim.fastq.gz,,forward
ERR1459250,/data/upfagb/u267872/paquete_cluster/seqs/trimmed/ERR1459250_trim.fastq.gz,,forward
ERR1459251,/data/upfagb/u267872/paquete_cluster/seqs/trimmed/ERR1459251_trim.fastq.gz,,forward
ERR1459252,/data/upfagb/u267872/paquete_cluster/seqs/trimmed/ERR1459252_trim.fastq.gz,,forward
ERR1459253,/data/upfagb/u267872/paquete_cluster/seqs/trimmed/ERR1459253_trim.fastq.gz,,forward
ERR1459254,/data/upfagb/u267872/paquete_cluster/seqs/trimmed/ERR1459254_trim.fastq.gz,,forward
ERR1459255,/data/upfagb/u267872/paquete_cluster/seqs/trimmed/ERR1459255_trim.fastq.gz,,forward
ERR1459256,/data/upfagb/u267872/paquete_cluster/seqs/trimmed/ERR1459256_trim.fastq.gz,,forward
ERR1459257,/data/upfagb/u267872/paquete_cluster/seqs/trimmed/ERR1459257_trim.fastq.gz,,forward
ERR1459258,/data/upfagb/u267872/paquete_cluster/seqs/trimmed/ERR1459258_trim.fastq.gz,,forward
ERR1459259,/data/upfagb/u267872/paquete_cluster/seqs/trimmed/ERR1459259_trim.fastq.gz,,forward
ERR1459260,/data/upfagb/u267872/paquete_cluster/seqs/trimmed/ERR1459260_trim.fastq.gz,,forward
ERR1459261,/data/upfagb/u267872/paquete_cluster/seqs/trimmed/ERR1459261_trim.fastq.gz,,forward
ERR1459262,/data/upfagb/u267872/paquete_cluster/seqs/trimmed/ERR1459262_trim.fastq.gz,,forward
ERR1459264,/data/upfagb/u267872/paquete_cluster/seqs/trimmed/ERR1459264_trim.fastq.gz,,forward
ERR1459265,/data/upfagb/u267872/paquete_cluster/seqs/trimmed/ERR1459265_trim.fastq.gz,,forward
ERR1459266,/data/upfagb/u267872/paquete_cluster/seqs/trimmed/ERR1459266_trim.fastq.gz,,forward
ERR1459267,/data/upfagb/u267872/paquete_cluster/seqs/trimmed/ERR1459267_trim.fastq.gz,,forward
ERR1459268,/data/upfagb/u267872/paquete_cluster/seqs/trimmed/ERR1459268_trim.fastq.gz,,forward
ERR1459269,/data/upfagb/u267872/paquete_cluster/seqs/trimmed/ERR1459269_trim.fastq.gz,,forward
ERR1459270,/data/upfagb/u267872/paquete_cluster/seqs/trimmed/ERR1459270_trim.fastq.gz,,forward
ERR1459271,/data/upfagb/u267872/paquete_cluster/seqs/trimmed/ERR1459271_trim.fastq.gz,,forward
ERR1459272,/data/upfagb/u267872/paquete_cluster/seqs/trimmed/ERR1459272_trim.fastq.gz,,forward
ERR1459273,/data/upfagb/u267872/paquete_cluster/seqs/trimmed/ERR1459273_trim.fastq.gz,,forward
ERR1459274,/data/upfagb/u267872/paquete_cluster/seqs/trimmed/ERR1459274_trim.fastq.gz,,forward
ERR1459275,/data/upfagb/u267872/paquete_cluster/seqs/trimmed/ERR1459275_trim.fastq.gz,,forward
ERR1459276,/data/upfagb/u267872/paquete_cluster/seqs/trimmed/ERR1459276_trim.fastq.gz,,forward
ERR1459277,/data/upfagb/u267872/paquete_cluster/seqs/trimmed/ERR1459277_trim.fastq.gz,,forward
ERR1459278,/data/upfagb/u267872/paquete_cluster/seqs/trimmed/ERR1459278_trim.fastq.gz,,forward
ERR1459279,/data/upfagb/u267872/paquete_cluster/seqs/trimmed/ERR1459279_trim.fastq.gz,,forward
ERR1459280,/data/upfagb/u267872/paquete_cluster/seqs/trimmed/ERR1459280_trim.fastq.gz,,forward
ERR1459281,/data/upfagb/u267872/paquete_cluster/seqs/trimmed/ERR1459281_trim.fastq.gz,,forward
ERR1459282,/data/upfagb/u267872/paquete_cluster/seqs/trimmed/ERR1459282_trim.fastq.gz,,forward
ERR1459283,/data/upfagb/u267872/paquete_cluster/seqs/trimmed/ERR1459283_trim.fastq.gz,,forward
ERR1459284,/data/upfagb/u267872/paquete_cluster/seqs/trimmed/ERR1459284_trim.fastq.gz,,forward
ERR1459285,/data/upfagb/u267872/paquete_cluster/seqs/trimmed/ERR1459285_trim.fastq.gz,,forward
ERR1459286,/data/upfagb/u267872/paquete_cluster/seqs/trimmed/ERR1459286_trim.fastq.gz,,forward
ERR1459287,/data/upfagb/u267872/paquete_cluster/seqs/trimmed/ERR1459287_trim.fastq.gz,,forward
ERR1459288,/data/upfagb/u267872/paquete_cluster/seqs/trimmed/ERR1459288_trim.fastq.gz,,forward
ERR1459289,/data/upfagb/u267872/paquete_cluster/seqs/trimmed/ERR1459289_trim.fastq.gz,,forward
ERR1459290,/data/upfagb/u267872/paquete_cluster/seqs/trimmed/ERR1459290_trim.fastq.gz,,forward
ERR1459291,/data/upfagb/u267872/paquete_cluster/seqs/trimmed/ERR1459291_trim.fastq.gz,,forward
ERR1459292,/data/upfagb/u267872/paquete_cluster/seqs/trimmed/ERR1459292_trim.fastq.gz,,forward
ERR1459293,/data/upfagb/u267872/paquete_cluster/seqs/trimmed/ERR1459293_trim.fastq.gz,,forward
ERR1459294,/data/upfagb/u267872/paquete_cluster/seqs/trimmed/ERR1459294_trim.fastq.gz,,forward
ERR1459295,/data/upfagb/u267872/paquete_cluster/seqs/trimmed/ERR1459295_trim.fastq.gz,,forward
ERR1459296,/data/upfagb/u267872/paquete_cluster/seqs/trimmed/ERR1459296_trim.fastq.gz,,forward
ERR1459298,/data/upfagb/u267872/paquete_cluster/seqs/trimmed/ERR1459298_trim.fastq.gz,,forward
ERR1459299,/data/upfagb/u267872/paquete_cluster/seqs/trimmed/ERR1459299_trim.fastq.gz,,forward
ERR1459300,/data/upfagb/u267872/paquete_cluster/seqs/trimmed/ERR1459300_trim.fastq.gz,,forward
ERR1459301,/data/upfagb/u267872/paquete_cluster/seqs/trimmed/ERR1459301_trim.fastq.gz,,forward
ERR1459302,/data/upfagb/u267872/paquete_cluster/seqs/trimmed/ERR1459302_trim.fastq.gz,,forward
ERR1459303,/data/upfagb/u267872/paquete_cluster/seqs/trimmed/ERR1459303_trim.fastq.gz,,forward
ERR1459304,/data/upfagb/u267872/paquete_cluster/seqs/trimmed/ERR1459304_trim.fastq.gz,,forward
ERR1459305,/data/upfagb/u267872/paquete_cluster/seqs/trimmed/ERR1459305_trim.fastq.gz,,forward
ERR1459306,/data/upfagb/u267872/paquete_cluster/seqs/trimmed/ERR1459306_trim.fastq.gz,,forward
ERR1459307,/data/upfagb/u267872/paquete_cluster/seqs/trimmed/ERR1459307_trim.fastq.gz,,forward
ERR1459308,/data/upfagb/u267872/paquete_cluster/seqs/trimmed/ERR1459308_trim.fastq.gz,,forward
ERR1459309,/data/upfagb/u267872/paquete_cluster/seqs/trimmed/ERR1459309_trim.fastq.gz,,forward
ERR1459310,/data/upfagb/u267872/paquete_cluster/seqs/trimmed/ERR1459310_trim.fastq.gz,,forward
ERR1459311,/data/upfagb/u267872/paquete_cluster/seqs/trimmed/ERR1459311_trim.fastq.gz,,forward
ERR1459312,/data/upfagb/u267872/paquete_cluster/seqs/trimmed/ERR1459312_trim.fastq.gz,,forward
ERR1459313,/data/upfagb/u267872/paquete_cluster/seqs/trimmed/ERR1459313_trim.fastq.gz,,forward
ERR1459314,/data/upfagb/u267872/paquete_cluster/seqs/trimmed/ERR1459314_trim.fastq.gz,,forward
ERR1459315,/data/upfagb/u267872/paquete_cluster/seqs/trimmed/ERR1459315_trim.fastq.gz,,forward
ERR1459316,/data/upfagb/u267872/paquete_cluster/seqs/trimmed/ERR1459316_trim.fastq.gz,,forward
ERR1459317,/data/upfagb/u267872/paquete_cluster/seqs/trimmed/ERR1459317_trim.fastq.gz,,forward
ERR1459318,/data/upfagb/u267872/paquete_cluster/seqs/trimmed/ERR1459318_trim.fastq.gz,,forward
ERR1459319,/data/upfagb/u267872/paquete_cluster/seqs/trimmed/ERR1459319_trim.fastq.gz,,forward
ERR1459320,/data/upfagb/u267872/paquete_cluster/seqs/trimmed/ERR1459320_trim.fastq.gz,,forward
ERR1843719,/data/upfagb/u267872/paquete_cluster/seqs/trimmed/ERR1843719_trim.fastq.gz,,forward
ERR2033211,/data/upfagb/u267872/paquete_cluster/seqs/trimmed/ERR2033211_trim.fastq.gz,,forward
ERR2056783,/data/upfagb/u267872/paquete_cluster/seqs/trimmed/ERR2056783_trim.fastq.gz,,forward
ERR2056799,/data/upfagb/u267872/paquete_cluster/seqs/trimmed/ERR2056799_trim.fastq.gz,,forward
ERR2056823,/data/upfagb/u267872/paquete_cluster/seqs/trimmed/ERR2056823_trim.fastq.gz,,forward
